frame,timestamp,track_id,state,person_confidence,badge_confidence,x,y
377,15.08,54,STAFF,0.7909,0.6287,528,164
378,15.12,54,STAFF,0.8191,0.7579,531,175
379,15.16,54,STAFF,0.8028,0.692,525,175
380,15.2,54,STAFF,0.8232,0.7441,522,175
381,15.24,54,STAFF,0.8177,0.7645,530,172
382,15.28,54,STAFF,0.8077,0.741,536,173
383,15.32,54,STAFF,0.8282,0.7788,535,210
384,15.36,54,STAFF,0.8376,0.6369,536,224
385,15.4,54,STAFF,0.7896,0.6214,537,226
386,15.44,54,STAFF,0.7984,0.6258,538,226
428,17.12,54,STAFF,0.8584,0.808,518,720
429,17.16,54,STAFF,0.8621,0.7992,519,720
430,17.2,54,STAFF,0.8575,0.7627,519,705
431,17.24,54,STAFF,0.8539,0.7815,521,693
432,17.28,54,STAFF,0.8335,0.7591,530,674
433,17.32,54,STAFF,0.7522,0.77,542,656
434,17.36,54,STAFF,0.4348,0.5784,550,628
434,17.36,62,STAFF,0.5947,0.6941,583,626
435,17.4,54,STAFF,0.7759,0.6993,560,603
458,18.32,54,STAFF,0.791,0.7009,448,167
459,18.36,54,STAFF,0.7613,0.7135,449,167
459,18.36,60,STAFF,0.35,0.6898,469,98
460,18.4,54,STAFF,0.8098,0.76,444,170
461,18.44,54,STAFF,0.8007,0.7595,449,166
462,18.48,54,STAFF,0.7781,0.7821,457,161
463,18.52,54,STAFF,0.8016,0.7479,473,160
464,18.56,54,STAFF,0.8098,0.6842,488,161
465,18.6,54,STAFF,0.827,0.6417,494,186
466,18.64,54,STAFF,0.8171,0.6226,498,205
467,18.68,54,STAFF,0.8175,0.807,505,214
468,18.72,54,STAFF,0.843,0.791,511,214
469,18.76,54,STAFF,0.8194,0.7125,517,214
470,18.8,54,STAFF,0.7947,0.6221,523,255
471,18.84,54,STAFF,0.7266,0.5289,528,272
505,20.2,54,STAFF,0.8703,0.8166,508,720
506,20.24,54,STAFF,0.8565,0.7428,513,717
507,20.28,54,STAFF,0.8398,0.7852,515,701
508,20.32,54,STAFF,0.826,0.7854,530,678
509,20.36,54,STAFF,0.8366,0.7916,536,669
510,20.4,54,STAFF,0.8167,0.7858,541,649
555,22.2,54,STAFF,0.8284,0.6559,562,201
557,22.28,54,STAFF,0.8071,0.5816,548,257
558,22.32,54,STAFF,0.8097,0.6397,544,256
811,32.44,77,STAFF,0.8972,0.5018,511,720
812,32.48,77,STAFF,0.8921,0.6915,512,720
813,32.52,77,STAFF,0.8968,0.7135,511,714
814,32.56,77,STAFF,0.8745,0.6748,512,697
815,32.6,77,STAFF,0.859,0.6695,515,684
816,32.64,77,STAFF,0.8647,0.6187,528,657
817,32.68,77,STAFF,0.835,0.6331,536,642
819,32.76,77,STAFF,0.8038,0.5726,550,584
852,34.08,78,STAFF,0.8131,0.5724,636,177
854,34.16,78,STAFF,0.778,0.6196,589,188
855,34.2,78,STAFF,0.783,0.647,579,195
856,34.24,78,STAFF,0.8078,0.5273,574,194
857,34.28,78,STAFF,0.7686,0.6684,562,230
858,34.32,78,STAFF,0.7078,0.7496,558,255
859,34.36,78,STAFF,0.7643,0.7858,556,253
860,34.4,78,STAFF,0.7046,0.7618,551,256
861,34.44,78,STAFF,0.8137,0.6989,549,311
862,34.48,78,STAFF,0.8414,0.7571,546,319
863,34.52,78,STAFF,0.8377,0.6065,546,319
895,35.8,78,STAFF,0.9002,0.6635,508,719
896,35.84,78,STAFF,0.8881,0.7051,511,720
897,35.88,78,STAFF,0.8937,0.6926,513,716
898,35.92,78,STAFF,0.8796,0.6516,514,702
899,35.96,78,STAFF,0.8739,0.5619,514,691
900,36.0,78,STAFF,0.8754,0.577,516,674
901,36.04,78,STAFF,0.8704,0.618,523,650
902,36.08,78,STAFF,0.859,0.6577,527,635
904,36.16,78,STAFF,0.857,0.5955,528,583
905,36.2,78,STAFF,0.7036,0.5827,538,560
925,37.0,10,STAFF,0.3398,0.7081,454,102
925,37.0,78,STAFF,0.7435,0.744,438,164
926,37.04,78,STAFF,0.7865,0.7593,427,162
927,37.08,78,STAFF,0.7875,0.7265,430,162
928,37.12,10,STAFF,0.2755,0.6682,451,90
928,37.12,78,STAFF,0.7742,0.7391,443,158
931,37.24,78,STAFF,0.7874,0.6199,470,162
932,37.28,78,STAFF,0.7864,0.6239,487,188
934,37.36,78,STAFF,0.846,0.6583,498,207
935,37.4,78,STAFF,0.8679,0.6862,508,206
936,37.44,78,STAFF,0.8644,0.7887,513,205
937,37.48,78,STAFF,0.8487,0.7344,518,253
938,37.52,78,STAFF,0.8503,0.7213,527,272
939,37.56,78,STAFF,0.855,0.7447,539,268
940,37.6,78,STAFF,0.8451,0.6905,545,291
972,38.88,78,STAFF,0.8687,0.6675,495,720
973,38.92,78,STAFF,0.8723,0.6752,495,720
974,38.96,78,STAFF,0.8808,0.6383,496,720
975,39.0,78,STAFF,0.8855,0.676,501,709
976,39.04,78,STAFF,0.8784,0.7077,506,698
977,39.08,78,STAFF,0.8708,0.6957,513,682
978,39.12,78,STAFF,0.8797,0.6961,520,663
979,39.16,78,STAFF,0.8564,0.6607,524,651
980,39.2,78,STAFF,0.8469,0.6301,533,624
981,39.24,78,STAFF,0.7962,0.613,540,604
1011,40.44,78,STAFF,0.846,0.5617,526,135
1012,40.48,78,STAFF,0.8417,0.73,530,146
1013,40.52,78,STAFF,0.8473,0.7301,532,154
1014,40.56,78,STAFF,0.8443,0.7921,533,156
1015,40.6,78,STAFF,0.8088,0.7455,543,154
1016,40.64,78,STAFF,0.8189,0.7544,543,155
1017,40.68,78,STAFF,0.8167,0.7486,544,156
1018,40.72,78,STAFF,0.8394,0.7782,544,191
1019,40.76,78,STAFF,0.8398,0.7409,545,201
1020,40.8,78,STAFF,0.8597,0.7204,543,208
1021,40.84,78,STAFF,0.8636,0.7578,540,205
1022,40.88,78,STAFF,0.8622,0.754,538,224
1023,40.92,78,STAFF,0.8036,0.7505,537,255
1024,40.96,78,STAFF,0.867,0.6416,544,272
1025,41.0,78,STAFF,0.8383,0.625,548,268
1026,41.04,78,STAFF,0.8335,0.573,553,270
1061,42.44,78,STAFF,0.892,0.6698,511,720
1062,42.48,78,STAFF,0.8792,0.6911,509,719
1063,42.52,78,STAFF,0.8702,0.6703,512,707
1064,42.56,78,STAFF,0.8731,0.6925,514,693
1065,42.6,78,STAFF,0.8793,0.6297,522,675
1066,42.64,78,STAFF,0.8718,0.5551,526,666
1067,42.68,78,STAFF,0.8649,0.6575,530,642
1068,42.72,78,STAFF,0.7804,0.7144,541,613
1068,42.72,104,STAFF,0.477,0.7226,573,612
1069,42.76,78,STAFF,0.7783,0.6375,537,585
1105,44.2,78,STAFF,0.83,0.5039,673,166
1106,44.24,78,STAFF,0.8438,0.647,663,165
1107,44.28,78,STAFF,0.8284,0.7122,648,177
1108,44.32,78,STAFF,0.8335,0.697,640,179
1109,44.36,78,STAFF,0.8355,0.6465,636,179
1110,44.4,78,STAFF,0.8361,0.662,636,178
1111,44.44,78,STAFF,0.8307,0.5945,631,197
1112,44.48,78,STAFF,0.8317,0.528,599,205
1113,44.52,78,STAFF,0.8225,0.6507,595,207
1114,44.56,78,STAFF,0.8532,0.5733,591,208
1115,44.6,78,STAFF,0.8461,0.7086,574,213
1116,44.64,78,STAFF,0.851,0.7391,563,252
1117,44.68,78,STAFF,0.8455,0.7636,560,267
1118,44.72,78,STAFF,0.8269,0.7377,555,262
1119,44.76,78,STAFF,0.8488,0.7443,552,295
1120,44.8,78,STAFF,0.8473,0.7041,552,322
1157,46.28,110,STAFF,0.8915,0.6781,506,719
1158,46.32,110,STAFF,0.8829,0.678,506,720
1159,46.36,110,STAFF,0.8615,0.6014,508,716
1160,46.4,110,STAFF,0.8701,0.6402,513,709
1161,46.44,110,STAFF,0.8744,0.6073,519,695
1162,46.48,110,STAFF,0.872,0.6405,529,678
1163,46.52,110,STAFF,0.8768,0.6781,532,667
1164,46.56,110,STAFF,0.875,0.6031,537,643
1165,46.6,110,STAFF,0.8624,0.5519,537,615
1196,47.84,110,STAFF,0.8289,0.559,529,162
1197,47.88,110,STAFF,0.8356,0.575,531,162
1198,47.92,110,STAFF,0.814,0.7494,535,161
1199,47.96,110,STAFF,0.8111,0.8051,543,161
1200,48.0,110,STAFF,0.8181,0.7874,544,161
1201,48.04,110,STAFF,0.8349,0.7553,543,200
1202,48.08,110,STAFF,0.8453,0.7402,541,209
1203,48.12,110,STAFF,0.8609,0.7526,538,213
1204,48.16,110,STAFF,0.8589,0.7308,538,214
1205,48.2,110,STAFF,0.7911,0.7279,537,252
1206,48.24,110,STAFF,0.504,0.5086,541,278
1208,48.32,110,STAFF,0.8503,0.5596,547,284
