frame,timestamp,staff_present,staff_count,xy_coordinates,badge_confidence
0,0.000,0,0,[],
1,0.040,0,0,[],
2,0.080,0,0,[],
3,0.120,0,0,[],
4,0.160,0,0,[],
5,0.200,0,0,[],
6,0.240,0,0,[],
7,0.280,0,0,[],
8,0.320,0,0,[],
9,0.360,0,0,[],
10,0.400,0,0,[],
11,0.440,0,0,[],
12,0.480,0,0,[],
13,0.520,0,0,[],
14,0.560,0,0,[],
15,0.600,0,0,[],
16,0.640,0,0,[],
17,0.680,0,0,[],
18,0.720,0,0,[],
19,0.760,0,0,[],
20,0.800,0,0,[],
21,0.840,0,0,[],
22,0.880,0,0,[],
23,0.920,0,0,[],
24,0.960,0,0,[],
25,1.000,0,0,[],
26,1.040,0,0,[],
27,1.080,0,0,[],
28,1.120,0,0,[],
29,1.160,0,0,[],
30,1.200,0,0,[],
31,1.240,0,0,[],
32,1.280,0,0,[],
33,1.320,0,0,[],
34,1.360,0,0,[],
35,1.400,0,0,[],
36,1.440,0,0,[],
37,1.480,0,0,[],
38,1.520,0,0,[],
39,1.560,0,0,[],
40,1.600,0,0,[],
41,1.640,0,0,[],
42,1.680,0,0,[],
43,1.720,0,0,[],
44,1.760,0,0,[],
45,1.800,0,0,[],
46,1.840,0,0,[],
47,1.880,0,0,[],
48,1.920,0,0,[],
49,1.960,0,0,[],
50,2.000,0,0,[],
51,2.040,0,0,[],
52,2.080,0,0,[],
53,2.120,0,0,[],
54,2.160,0,0,[],
55,2.200,0,0,[],
56,2.240,0,0,[],
57,2.280,0,0,[],
58,2.320,0,0,[],
59,2.360,0,0,[],
60,2.400,0,0,[],
61,2.440,0,0,[],
62,2.480,0,0,[],
63,2.520,0,0,[],
64,2.560,0,0,[],
65,2.600,0,0,[],
66,2.640,0,0,[],
67,2.680,0,0,[],
68,2.720,0,0,[],
69,2.760,0,0,[],
70,2.800,0,0,[],
71,2.840,0,0,[],
72,2.880,0,0,[],
73,2.920,0,0,[],
74,2.960,0,0,[],
75,3.000,0,0,[],
76,3.040,0,0,[],
77,3.080,0,0,[],
78,3.120,0,0,[],
79,3.160,0,0,[],
80,3.200,0,0,[],
81,3.240,0,0,[],
82,3.280,0,0,[],
83,3.320,0,0,[],
84,3.360,0,0,[],
85,3.400,0,0,[],
86,3.440,0,0,[],
87,3.480,0,0,[],
88,3.520,0,0,[],
89,3.560,0,0,[],
90,3.600,0,0,[],
91,3.640,0,0,[],
92,3.680,0,0,[],
93,3.720,0,0,[],
94,3.760,0,0,[],
95,3.800,0,0,[],
96,3.840,0,0,[],
97,3.880,0,0,[],
98,3.920,0,0,[],
99,3.960,0,0,[],
100,4.000,0,0,[],
101,4.040,0,0,[],
102,4.080,0,0,[],
103,4.120,0,0,[],
104,4.160,0,0,[],
105,4.200,0,0,[],
106,4.240,0,0,[],
107,4.280,0,0,[],
108,4.320,0,0,[],
109,4.360,0,0,[],
110,4.400,0,0,[],
111,4.440,0,0,[],
112,4.480,0,0,[],
113,4.520,0,0,[],
114,4.560,0,0,[],
115,4.600,0,0,[],
116,4.640,0,0,[],
117,4.680,0,0,[],
118,4.720,0,0,[],
119,4.760,0,0,[],
120,4.800,0,0,[],
121,4.840,0,0,[],
122,4.880,0,0,[],
123,4.920,0,0,[],
124,4.960,0,0,[],
125,5.000,0,0,[],
126,5.040,0,0,[],
127,5.080,0,0,[],
128,5.120,0,0,[],
129,5.160,0,0,[],
130,5.200,0,0,[],
131,5.240,0,0,[],
132,5.280,0,0,[],
133,5.320,0,0,[],
134,5.360,0,0,[],
135,5.400,0,0,[],
136,5.440,0,0,[],
137,5.480,0,0,[],
138,5.520,0,0,[],
139,5.560,0,0,[],
140,5.600,0,0,[],
141,5.640,0,0,[],
142,5.680,0,0,[],
143,5.720,0,0,[],
144,5.760,0,0,[],
145,5.800,0,0,[],
146,5.840,0,0,[],
147,5.880,0,0,[],
148,5.920,0,0,[],
149,5.960,0,0,[],
150,6.000,0,0,[],
151,6.040,0,0,[],
152,6.080,0,0,[],
153,6.120,0,0,[],
154,6.160,0,0,[],
155,6.200,0,0,[],
156,6.240,0,0,[],
157,6.280,0,0,[],
158,6.320,0,0,[],
159,6.360,0,0,[],
160,6.400,0,0,[],
161,6.440,0,0,[],
162,6.480,0,0,[],
163,6.520,0,0,[],
164,6.560,0,0,[],
165,6.600,0,0,[],
166,6.640,0,0,[],
167,6.680,0,0,[],
168,6.720,0,0,[],
169,6.760,0,0,[],
170,6.800,0,0,[],
171,6.840,0,0,[],
172,6.880,0,0,[],
173,6.920,0,0,[],
174,6.960,0,0,[],
175,7.000,0,0,[],
176,7.040,0,0,[],
177,7.080,0,0,[],
178,7.120,0,0,[],
179,7.160,0,0,[],
180,7.200,0,0,[],
181,7.240,0,0,[],
182,7.280,0,0,[],
183,7.320,0,0,[],
184,7.360,0,0,[],
185,7.400,0,0,[],
186,7.440,0,0,[],
187,7.480,0,0,[],
188,7.520,0,0,[],
189,7.560,0,0,[],
190,7.600,0,0,[],
191,7.640,0,0,[],
192,7.680,0,0,[],
193,7.720,0,0,[],
194,7.760,0,0,[],
195,7.800,0,0,[],
196,7.840,0,0,[],
197,7.880,0,0,[],
198,7.920,0,0,[],
199,7.960,0,0,[],
200,8.000,0,0,[],
201,8.040,0,0,[],
202,8.080,0,0,[],
203,8.120,0,0,[],
204,8.160,0,0,[],
205,8.200,0,0,[],
206,8.240,0,0,[],
207,8.280,0,0,[],
208,8.320,0,0,[],
209,8.360,0,0,[],
210,8.400,0,0,[],
211,8.440,0,0,[],
212,8.480,0,0,[],
213,8.520,0,0,[],
214,8.560,0,0,[],
215,8.600,0,0,[],
216,8.640,0,0,[],
217,8.680,0,0,[],
218,8.720,0,0,[],
219,8.760,0,0,[],
220,8.800,0,0,[],
221,8.840,0,0,[],
222,8.880,0,0,[],
223,8.920,0,0,[],
224,8.960,0,0,[],
225,9.000,0,0,[],
226,9.040,0,0,[],
227,9.080,0,0,[],
228,9.120,0,0,[],
229,9.160,0,0,[],
230,9.200,0,0,[],
231,9.240,0,0,[],
232,9.280,0,0,[],
233,9.320,0,0,[],
234,9.360,0,0,[],
235,9.400,0,0,[],
236,9.440,0,0,[],
237,9.480,0,0,[],
238,9.520,0,0,[],
239,9.560,0,0,[],
240,9.600,0,0,[],
241,9.640,0,0,[],
242,9.680,0,0,[],
243,9.720,0,0,[],
244,9.760,0,0,[],
245,9.800,0,0,[],
246,9.840,0,0,[],
247,9.880,0,0,[],
248,9.920,0,0,[],
249,9.960,0,0,[],
250,10.000,0,0,[],
251,10.040,0,0,[],
252,10.080,0,0,[],
253,10.120,0,0,[],
254,10.160,0,0,[],
255,10.200,0,0,[],
256,10.240,0,0,[],
257,10.280,0,0,[],
258,10.320,0,0,[],
259,10.360,0,0,[],
260,10.400,0,0,[],
261,10.440,0,0,[],
262,10.480,0,0,[],
263,10.520,0,0,[],
264,10.560,0,0,[],
265,10.600,0,0,[],
266,10.640,0,0,[],
267,10.680,0,0,[],
268,10.720,0,0,[],
269,10.760,0,0,[],
270,10.800,0,0,[],
271,10.840,0,0,[],
272,10.880,0,0,[],
273,10.920,0,0,[],
274,10.960,0,0,[],
275,11.000,0,0,[],
276,11.040,0,0,[],
277,11.080,0,0,[],
278,11.120,0,0,[],
279,11.160,0,0,[],
280,11.200,0,0,[],
281,11.240,0,0,[],
282,11.280,0,0,[],
283,11.320,0,0,[],
284,11.360,0,0,[],
285,11.400,0,0,[],
286,11.440,0,0,[],
287,11.480,0,0,[],
288,11.520,0,0,[],
289,11.560,0,0,[],
290,11.600,0,0,[],
291,11.640,0,0,[],
292,11.680,0,0,[],
293,11.720,0,0,[],
294,11.760,0,0,[],
295,11.800,0,0,[],
296,11.840,0,0,[],
297,11.880,0,0,[],
298,11.920,0,0,[],
299,11.960,0,0,[],
300,12.000,0,0,[],
301,12.040,0,0,[],
302,12.080,0,0,[],
303,12.120,0,0,[],
304,12.160,0,0,[],
305,12.200,0,0,[],
306,12.240,0,0,[],
307,12.280,0,0,[],
308,12.320,0,0,[],
309,12.360,0,0,[],
310,12.400,0,0,[],
311,12.440,0,0,[],
312,12.480,0,0,[],
313,12.520,0,0,[],
314,12.560,0,0,[],
315,12.600,0,0,[],
316,12.640,0,0,[],
317,12.680,0,0,[],
318,12.720,0,0,[],
319,12.760,0,0,[],
320,12.800,0,0,[],
321,12.840,0,0,[],
322,12.880,0,0,[],
323,12.920,0,0,[],
324,12.960,0,0,[],
325,13.000,0,0,[],
326,13.040,0,0,[],
327,13.080,0,0,[],
328,13.120,0,0,[],
329,13.160,0,0,[],
330,13.200,0,0,[],
331,13.240,0,0,[],
332,13.280,0,0,[],
333,13.320,0,0,[],
334,13.360,0,0,[],
335,13.400,0,0,[],
336,13.440,0,0,[],
337,13.480,0,0,[],
338,13.520,0,0,[],
339,13.560,0,0,[],
340,13.600,0,0,[],
341,13.640,0,0,[],
342,13.680,0,0,[],
343,13.720,0,0,[],
344,13.760,0,0,[],
345,13.800,0,0,[],
346,13.840,0,0,[],
347,13.880,0,0,[],
348,13.920,0,0,[],
349,13.960,0,0,[],
350,14.000,0,0,[],
351,14.040,0,0,[],
352,14.080,0,0,[],
353,14.120,0,0,[],
354,14.160,0,0,[],
355,14.200,0,0,[],
356,14.240,0,0,[],
357,14.280,0,0,[],
358,14.320,0,0,[],
359,14.360,0,0,[],
360,14.400,0,0,[],
361,14.440,0,0,[],
362,14.480,0,0,[],
363,14.520,0,0,[],
364,14.560,0,0,[],
365,14.600,0,0,[],
366,14.640,0,0,[],
367,14.680,0,0,[],
368,14.720,0,0,[],
369,14.760,0,0,[],
370,14.800,0,0,[],
371,14.840,0,0,[],
372,14.880,0,0,[],
373,14.920,0,0,[],
374,14.960,0,0,[],
375,15.000,0,0,[],
376,15.040,0,0,[],
377,15.080,1,1,"[[528,164]]",0.6287
378,15.120,1,1,"[[531,175]]",0.7579
379,15.160,1,1,"[[525,175]]",0.6920
380,15.200,1,1,"[[522,175]]",0.7441
381,15.240,1,1,"[[530,172]]",0.7645
382,15.280,1,1,"[[536,173]]",0.7410
383,15.320,1,1,"[[535,210]]",0.7788
384,15.360,1,1,"[[536,224]]",0.6369
385,15.400,1,1,"[[537,226]]",0.6214
386,15.440,1,1,"[[538,226]]",0.6258
387,15.480,0,0,[],
388,15.520,0,0,[],
389,15.560,0,0,[],
390,15.600,0,0,[],
391,15.640,0,0,[],
392,15.680,0,0,[],
393,15.720,0,0,[],
394,15.760,0,0,[],
395,15.800,0,0,[],
396,15.840,0,0,[],
397,15.880,0,0,[],
398,15.920,0,0,[],
399,15.960,0,0,[],
400,16.000,0,0,[],
401,16.040,0,0,[],
402,16.080,0,0,[],
403,16.120,0,0,[],
404,16.160,0,0,[],
405,16.200,0,0,[],
406,16.240,0,0,[],
407,16.280,0,0,[],
408,16.320,0,0,[],
409,16.360,0,0,[],
410,16.400,0,0,[],
411,16.440,0,0,[],
412,16.480,0,0,[],
413,16.520,0,0,[],
414,16.560,0,0,[],
415,16.600,0,0,[],
416,16.640,0,0,[],
417,16.680,0,0,[],
418,16.720,0,0,[],
419,16.760,0,0,[],
420,16.800,0,0,[],
421,16.840,0,0,[],
422,16.880,0,0,[],
423,16.920,0,0,[],
424,16.960,0,0,[],
425,17.000,0,0,[],
426,17.040,0,0,[],
427,17.080,0,0,[],
428,17.120,1,1,"[[518,720]]",0.8080
429,17.160,1,1,"[[519,720]]",0.7992
430,17.200,1,1,"[[519,705]]",0.7627
431,17.240,1,1,"[[521,693]]",0.7815
432,17.280,1,1,"[[530,674]]",0.7591
433,17.320,1,1,"[[542,656]]",0.7700
434,17.360,1,2,"[[550,628],[583,626]]",0.6941
435,17.400,1,1,"[[560,603]]",0.6993
436,17.440,0,0,[],
437,17.480,0,0,[],
438,17.520,0,0,[],
439,17.560,0,0,[],
440,17.600,0,0,[],
441,17.640,0,0,[],
442,17.680,0,0,[],
443,17.720,0,0,[],
444,17.760,0,0,[],
445,17.800,0,0,[],
446,17.840,0,0,[],
447,17.880,0,0,[],
448,17.920,0,0,[],
449,17.960,0,0,[],
450,18.000,0,0,[],
451,18.040,0,0,[],
452,18.080,0,0,[],
453,18.120,0,0,[],
454,18.160,0,0,[],
455,18.200,0,0,[],
456,18.240,0,0,[],
457,18.280,0,0,[],
458,18.320,1,1,"[[448,167]]",0.7009
459,18.360,1,2,"[[449,167],[469,98]]",0.7135
460,18.400,1,1,"[[444,170]]",0.7600
461,18.440,1,1,"[[449,166]]",0.7595
462,18.480,1,1,"[[457,161]]",0.7821
463,18.520,1,1,"[[473,160]]",0.7479
464,18.560,1,1,"[[488,161]]",0.6842
465,18.600,1,1,"[[494,186]]",0.6417
466,18.640,1,1,"[[498,205]]",0.6226
467,18.680,1,1,"[[505,214]]",0.8070
468,18.720,1,1,"[[511,214]]",0.7910
469,18.760,1,1,"[[517,214]]",0.7125
470,18.800,1,1,"[[523,255]]",0.6221
471,18.840,1,1,"[[528,272]]",0.5289
472,18.880,0,0,[],
473,18.920,0,0,[],
474,18.960,0,0,[],
475,19.000,0,0,[],
476,19.040,0,0,[],
477,19.080,0,0,[],
478,19.120,0,0,[],
479,19.160,0,0,[],
480,19.200,0,0,[],
481,19.240,0,0,[],
482,19.280,0,0,[],
483,19.320,0,0,[],
484,19.360,0,0,[],
485,19.400,0,0,[],
486,19.440,0,0,[],
487,19.480,0,0,[],
488,19.520,0,0,[],
489,19.560,0,0,[],
490,19.600,0,0,[],
491,19.640,0,0,[],
492,19.680,0,0,[],
493,19.720,0,0,[],
494,19.760,0,0,[],
495,19.800,0,0,[],
496,19.840,0,0,[],
497,19.880,0,0,[],
498,19.920,0,0,[],
499,19.960,0,0,[],
500,20.000,0,0,[],
501,20.040,0,0,[],
502,20.080,0,0,[],
503,20.120,0,0,[],
504,20.160,0,0,[],
505,20.200,1,1,"[[508,720]]",0.8166
506,20.240,1,1,"[[513,717]]",0.7428
507,20.280,1,1,"[[515,701]]",0.7852
508,20.320,1,1,"[[530,678]]",0.7854
509,20.360,1,1,"[[536,669]]",0.7916
510,20.400,1,1,"[[541,649]]",0.7858
511,20.440,0,0,[],
512,20.480,0,0,[],
513,20.520,0,0,[],
514,20.560,0,0,[],
515,20.600,0,0,[],
516,20.640,0,0,[],
517,20.680,0,0,[],
518,20.720,0,0,[],
519,20.760,0,0,[],
520,20.800,0,0,[],
521,20.840,0,0,[],
522,20.880,0,0,[],
523,20.920,0,0,[],
524,20.960,0,0,[],
525,21.000,0,0,[],
526,21.040,0,0,[],
527,21.080,0,0,[],
528,21.120,0,0,[],
529,21.160,0,0,[],
530,21.200,0,0,[],
531,21.240,0,0,[],
532,21.280,0,0,[],
533,21.320,0,0,[],
534,21.360,0,0,[],
535,21.400,0,0,[],
536,21.440,0,0,[],
537,21.480,0,0,[],
538,21.520,0,0,[],
539,21.560,0,0,[],
540,21.600,0,0,[],
541,21.640,0,0,[],
542,21.680,0,0,[],
543,21.720,0,0,[],
544,21.760,0,0,[],
545,21.800,0,0,[],
546,21.840,0,0,[],
547,21.880,0,0,[],
548,21.920,0,0,[],
549,21.960,0,0,[],
550,22.000,0,0,[],
551,22.040,0,0,[],
552,22.080,0,0,[],
553,22.120,0,0,[],
554,22.160,0,0,[],
555,22.200,1,1,"[[562,201]]",0.6559
556,22.240,0,0,[],
557,22.280,1,1,"[[548,257]]",0.5816
558,22.320,1,1,"[[544,256]]",0.6397
559,22.360,0,0,[],
560,22.400,0,0,[],
561,22.440,0,0,[],
562,22.480,0,0,[],
563,22.520,0,0,[],
564,22.560,0,0,[],
565,22.600,0,0,[],
566,22.640,0,0,[],
567,22.680,0,0,[],
568,22.720,0,0,[],
569,22.760,0,0,[],
570,22.800,0,0,[],
571,22.840,0,0,[],
572,22.880,0,0,[],
573,22.920,0,0,[],
574,22.960,0,0,[],
575,23.000,0,0,[],
576,23.040,0,0,[],
577,23.080,0,0,[],
578,23.120,0,0,[],
579,23.160,0,0,[],
580,23.200,0,0,[],
581,23.240,0,0,[],
582,23.280,0,0,[],
583,23.320,0,0,[],
584,23.360,0,0,[],
585,23.400,0,0,[],
586,23.440,0,0,[],
587,23.480,0,0,[],
588,23.520,0,0,[],
589,23.560,0,0,[],
590,23.600,0,0,[],
591,23.640,0,0,[],
592,23.680,0,0,[],
593,23.720,0,0,[],
594,23.760,0,0,[],
595,23.800,0,0,[],
596,23.840,0,0,[],
597,23.880,0,0,[],
598,23.920,0,0,[],
599,23.960,0,0,[],
600,24.000,0,0,[],
601,24.040,0,0,[],
602,24.080,0,0,[],
603,24.120,0,0,[],
604,24.160,0,0,[],
605,24.200,0,0,[],
606,24.240,0,0,[],
607,24.280,0,0,[],
608,24.320,0,0,[],
609,24.360,0,0,[],
610,24.400,0,0,[],
611,24.440,0,0,[],
612,24.480,0,0,[],
613,24.520,0,0,[],
614,24.560,0,0,[],
615,24.600,0,0,[],
616,24.640,0,0,[],
617,24.680,0,0,[],
618,24.720,0,0,[],
619,24.760,0,0,[],
620,24.800,0,0,[],
621,24.840,0,0,[],
622,24.880,0,0,[],
623,24.920,0,0,[],
624,24.960,0,0,[],
625,25.000,0,0,[],
626,25.040,0,0,[],
627,25.080,0,0,[],
628,25.120,0,0,[],
629,25.160,0,0,[],
630,25.200,0,0,[],
631,25.240,0,0,[],
632,25.280,0,0,[],
633,25.320,0,0,[],
634,25.360,0,0,[],
635,25.400,0,0,[],
636,25.440,0,0,[],
637,25.480,0,0,[],
638,25.520,0,0,[],
639,25.560,0,0,[],
640,25.600,0,0,[],
641,25.640,0,0,[],
642,25.680,0,0,[],
643,25.720,0,0,[],
644,25.760,0,0,[],
645,25.800,0,0,[],
646,25.840,0,0,[],
647,25.880,0,0,[],
648,25.920,0,0,[],
649,25.960,0,0,[],
650,26.000,0,0,[],
651,26.040,0,0,[],
652,26.080,0,0,[],
653,26.120,0,0,[],
654,26.160,0,0,[],
655,26.200,0,0,[],
656,26.240,0,0,[],
657,26.280,0,0,[],
658,26.320,0,0,[],
659,26.360,0,0,[],
660,26.400,0,0,[],
661,26.440,0,0,[],
662,26.480,0,0,[],
663,26.520,0,0,[],
664,26.560,0,0,[],
665,26.600,0,0,[],
666,26.640,0,0,[],
667,26.680,0,0,[],
668,26.720,0,0,[],
669,26.760,0,0,[],
670,26.800,0,0,[],
671,26.840,0,0,[],
672,26.880,0,0,[],
673,26.920,0,0,[],
674,26.960,0,0,[],
675,27.000,0,0,[],
676,27.040,0,0,[],
677,27.080,0,0,[],
678,27.120,0,0,[],
679,27.160,0,0,[],
680,27.200,0,0,[],
681,27.240,0,0,[],
682,27.280,0,0,[],
683,27.320,0,0,[],
684,27.360,0,0,[],
685,27.400,0,0,[],
686,27.440,0,0,[],
687,27.480,0,0,[],
688,27.520,0,0,[],
689,27.560,0,0,[],
690,27.600,0,0,[],
691,27.640,0,0,[],
692,27.680,0,0,[],
693,27.720,0,0,[],
694,27.760,0,0,[],
695,27.800,0,0,[],
696,27.840,0,0,[],
697,27.880,0,0,[],
698,27.920,0,0,[],
699,27.960,0,0,[],
700,28.000,0,0,[],
701,28.040,0,0,[],
702,28.080,0,0,[],
703,28.120,0,0,[],
704,28.160,0,0,[],
705,28.200,0,0,[],
706,28.240,0,0,[],
707,28.280,0,0,[],
708,28.320,0,0,[],
709,28.360,0,0,[],
710,28.400,0,0,[],
711,28.440,0,0,[],
712,28.480,0,0,[],
713,28.520,0,0,[],
714,28.560,0,0,[],
715,28.600,0,0,[],
716,28.640,0,0,[],
717,28.680,0,0,[],
718,28.720,0,0,[],
719,28.760,0,0,[],
720,28.800,0,0,[],
721,28.840,0,0,[],
722,28.880,0,0,[],
723,28.920,0,0,[],
724,28.960,0,0,[],
725,29.000,0,0,[],
726,29.040,0,0,[],
727,29.080,0,0,[],
728,29.120,0,0,[],
729,29.160,0,0,[],
730,29.200,0,0,[],
731,29.240,0,0,[],
732,29.280,0,0,[],
733,29.320,0,0,[],
734,29.360,0,0,[],
735,29.400,0,0,[],
736,29.440,0,0,[],
737,29.480,0,0,[],
738,29.520,0,0,[],
739,29.560,0,0,[],
740,29.600,0,0,[],
741,29.640,0,0,[],
742,29.680,0,0,[],
743,29.720,0,0,[],
744,29.760,0,0,[],
745,29.800,0,0,[],
746,29.840,0,0,[],
747,29.880,0,0,[],
748,29.920,0,0,[],
749,29.960,0,0,[],
750,30.000,0,0,[],
751,30.040,0,0,[],
752,30.080,0,0,[],
753,30.120,0,0,[],
754,30.160,0,0,[],
755,30.200,0,0,[],
756,30.240,0,0,[],
757,30.280,0,0,[],
758,30.320,0,0,[],
759,30.360,0,0,[],
760,30.400,0,0,[],
761,30.440,0,0,[],
762,30.480,0,0,[],
763,30.520,0,0,[],
764,30.560,0,0,[],
765,30.600,0,0,[],
766,30.640,0,0,[],
767,30.680,0,0,[],
768,30.720,0,0,[],
769,30.760,0,0,[],
770,30.800,0,0,[],
771,30.840,0,0,[],
772,30.880,0,0,[],
773,30.920,0,0,[],
774,30.960,0,0,[],
775,31.000,0,0,[],
776,31.040,0,0,[],
777,31.080,0,0,[],
778,31.120,0,0,[],
779,31.160,0,0,[],
780,31.200,0,0,[],
781,31.240,0,0,[],
782,31.280,0,0,[],
783,31.320,0,0,[],
784,31.360,0,0,[],
785,31.400,0,0,[],
786,31.440,0,0,[],
787,31.480,0,0,[],
788,31.520,0,0,[],
789,31.560,0,0,[],
790,31.600,0,0,[],
791,31.640,0,0,[],
792,31.680,0,0,[],
793,31.720,0,0,[],
794,31.760,0,0,[],
795,31.800,0,0,[],
796,31.840,0,0,[],
797,31.880,0,0,[],
798,31.920,0,0,[],
799,31.960,0,0,[],
800,32.000,0,0,[],
801,32.040,0,0,[],
802,32.080,0,0,[],
803,32.120,0,0,[],
804,32.160,0,0,[],
805,32.200,0,0,[],
806,32.240,0,0,[],
807,32.280,0,0,[],
808,32.320,0,0,[],
809,32.360,0,0,[],
810,32.400,0,0,[],
811,32.440,1,1,"[[511,720]]",0.5018
812,32.480,1,1,"[[512,720]]",0.6915
813,32.520,1,1,"[[511,714]]",0.7135
814,32.560,1,1,"[[512,697]]",0.6748
815,32.600,1,1,"[[515,684]]",0.6695
816,32.640,1,1,"[[528,657]]",0.6187
817,32.680,1,1,"[[536,642]]",0.6331
818,32.720,0,0,[],
819,32.760,1,1,"[[550,584]]",0.5726
820,32.800,0,0,[],
821,32.840,0,0,[],
822,32.880,0,0,[],
823,32.920,0,0,[],
824,32.960,0,0,[],
825,33.000,0,0,[],
826,33.040,0,0,[],
827,33.080,0,0,[],
828,33.120,0,0,[],
829,33.160,0,0,[],
830,33.200,0,0,[],
831,33.240,0,0,[],
832,33.280,0,0,[],
833,33.320,0,0,[],
834,33.360,0,0,[],
835,33.400,0,0,[],
836,33.440,0,0,[],
837,33.480,0,0,[],
838,33.520,0,0,[],
839,33.560,0,0,[],
840,33.600,0,0,[],
841,33.640,0,0,[],
842,33.680,0,0,[],
843,33.720,0,0,[],
844,33.760,0,0,[],
845,33.800,0,0,[],
846,33.840,0,0,[],
847,33.880,0,0,[],
848,33.920,0,0,[],
849,33.960,0,0,[],
850,34.000,0,0,[],
851,34.040,0,0,[],
852,34.080,1,1,"[[636,177]]",0.5724
853,34.120,0,0,[],
854,34.160,1,1,"[[589,188]]",0.6196
855,34.200,1,1,"[[579,195]]",0.6470
856,34.240,1,1,"[[574,194]]",0.5273
857,34.280,1,1,"[[562,230]]",0.6684
858,34.320,1,1,"[[558,255]]",0.7496
859,34.360,1,1,"[[556,253]]",0.7858
860,34.400,1,1,"[[551,256]]",0.7618
861,34.440,1,1,"[[549,311]]",0.6989
862,34.480,1,1,"[[546,319]]",0.7571
863,34.520,1,1,"[[546,319]]",0.6065
864,34.560,0,0,[],
865,34.600,0,0,[],
866,34.640,0,0,[],
867,34.680,0,0,[],
868,34.720,0,0,[],
869,34.760,0,0,[],
870,34.800,0,0,[],
871,34.840,0,0,[],
872,34.880,0,0,[],
873,34.920,0,0,[],
874,34.960,0,0,[],
875,35.000,0,0,[],
876,35.040,0,0,[],
877,35.080,0,0,[],
878,35.120,0,0,[],
879,35.160,0,0,[],
880,35.200,0,0,[],
881,35.240,0,0,[],
882,35.280,0,0,[],
883,35.320,0,0,[],
884,35.360,0,0,[],
885,35.400,0,0,[],
886,35.440,0,0,[],
887,35.480,0,0,[],
888,35.520,0,0,[],
889,35.560,0,0,[],
890,35.600,0,0,[],
891,35.640,0,0,[],
892,35.680,0,0,[],
893,35.720,0,0,[],
894,35.760,0,0,[],
895,35.800,1,1,"[[508,719]]",0.6635
896,35.840,1,1,"[[511,720]]",0.7051
897,35.880,1,1,"[[513,716]]",0.6926
898,35.920,1,1,"[[514,702]]",0.6516
899,35.960,1,1,"[[514,691]]",0.5619
900,36.000,1,1,"[[516,674]]",0.5770
901,36.040,1,1,"[[523,650]]",0.6180
902,36.080,1,1,"[[527,635]]",0.6577
903,36.120,0,0,[],
904,36.160,1,1,"[[528,583]]",0.5955
905,36.200,1,1,"[[538,560]]",0.5827
906,36.240,0,0,[],
907,36.280,0,0,[],
908,36.320,0,0,[],
909,36.360,0,0,[],
910,36.400,0,0,[],
911,36.440,0,0,[],
912,36.480,0,0,[],
913,36.520,0,0,[],
914,36.560,0,0,[],
915,36.600,0,0,[],
916,36.640,0,0,[],
917,36.680,0,0,[],
918,36.720,0,0,[],
919,36.760,0,0,[],
920,36.800,0,0,[],
921,36.840,0,0,[],
922,36.880,0,0,[],
923,36.920,0,0,[],
924,36.960,0,0,[],
925,37.000,1,2,"[[454,102],[438,164]]",0.7440
926,37.040,1,1,"[[427,162]]",0.7593
927,37.080,1,1,"[[430,162]]",0.7265
928,37.120,1,2,"[[451,90],[443,158]]",0.7391
929,37.160,0,0,[],
930,37.200,0,0,[],
931,37.240,1,1,"[[470,162]]",0.6199
932,37.280,1,1,"[[487,188]]",0.6239
933,37.320,0,0,[],
934,37.360,1,1,"[[498,207]]",0.6583
935,37.400,1,1,"[[508,206]]",0.6862
936,37.440,1,1,"[[513,205]]",0.7887
937,37.480,1,1,"[[518,253]]",0.7344
938,37.520,1,1,"[[527,272]]",0.7213
939,37.560,1,1,"[[539,268]]",0.7447
940,37.600,1,1,"[[545,291]]",0.6905
941,37.640,0,0,[],
942,37.680,0,0,[],
943,37.720,0,0,[],
944,37.760,0,0,[],
945,37.800,0,0,[],
946,37.840,0,0,[],
947,37.880,0,0,[],
948,37.920,0,0,[],
949,37.960,0,0,[],
950,38.000,0,0,[],
951,38.040,0,0,[],
952,38.080,0,0,[],
953,38.120,0,0,[],
954,38.160,0,0,[],
955,38.200,0,0,[],
956,38.240,0,0,[],
957,38.280,0,0,[],
958,38.320,0,0,[],
959,38.360,0,0,[],
960,38.400,0,0,[],
961,38.440,0,0,[],
962,38.480,0,0,[],
963,38.520,0,0,[],
964,38.560,0,0,[],
965,38.600,0,0,[],
966,38.640,0,0,[],
967,38.680,0,0,[],
968,38.720,0,0,[],
969,38.760,0,0,[],
970,38.800,0,0,[],
971,38.840,0,0,[],
972,38.880,1,1,"[[495,720]]",0.6675
973,38.920,1,1,"[[495,720]]",0.6752
974,38.960,1,1,"[[496,720]]",0.6383
975,39.000,1,1,"[[501,709]]",0.6760
976,39.040,1,1,"[[506,698]]",0.7077
977,39.080,1,1,"[[513,682]]",0.6957
978,39.120,1,1,"[[520,663]]",0.6961
979,39.160,1,1,"[[524,651]]",0.6607
980,39.200,1,1,"[[533,624]]",0.6301
981,39.240,1,1,"[[540,604]]",0.6130
982,39.280,0,0,[],
983,39.320,0,0,[],
984,39.360,0,0,[],
985,39.400,0,0,[],
986,39.440,0,0,[],
987,39.480,0,0,[],
988,39.520,0,0,[],
989,39.560,0,0,[],
990,39.600,0,0,[],
991,39.640,0,0,[],
992,39.680,0,0,[],
993,39.720,0,0,[],
994,39.760,0,0,[],
995,39.800,0,0,[],
996,39.840,0,0,[],
997,39.880,0,0,[],
998,39.920,0,0,[],
999,39.960,0,0,[],
1000,40.000,0,0,[],
1001,40.040,0,0,[],
1002,40.080,0,0,[],
1003,40.120,0,0,[],
1004,40.160,0,0,[],
1005,40.200,0,0,[],
1006,40.240,0,0,[],
1007,40.280,0,0,[],
1008,40.320,0,0,[],
1009,40.360,0,0,[],
1010,40.400,0,0,[],
1011,40.440,1,1,"[[526,135]]",0.5617
1012,40.480,1,1,"[[530,146]]",0.7300
1013,40.520,1,1,"[[532,154]]",0.7301
1014,40.560,1,1,"[[533,156]]",0.7921
1015,40.600,1,1,"[[543,154]]",0.7455
1016,40.640,1,1,"[[543,155]]",0.7544
1017,40.680,1,1,"[[544,156]]",0.7486
1018,40.720,1,1,"[[544,191]]",0.7782
1019,40.760,1,1,"[[545,201]]",0.7409
1020,40.800,1,1,"[[543,208]]",0.7204
1021,40.840,1,1,"[[540,205]]",0.7578
1022,40.880,1,1,"[[538,224]]",0.7540
1023,40.920,1,1,"[[537,255]]",0.7505
1024,40.960,1,1,"[[544,272]]",0.6416
1025,41.000,1,1,"[[548,268]]",0.6250
1026,41.040,1,1,"[[553,270]]",0.5730
1027,41.080,0,0,[],
1028,41.120,0,0,[],
1029,41.160,0,0,[],
1030,41.200,0,0,[],
1031,41.240,0,0,[],
1032,41.280,0,0,[],
1033,41.320,0,0,[],
1034,41.360,0,0,[],
1035,41.400,0,0,[],
1036,41.440,0,0,[],
1037,41.480,0,0,[],
1038,41.520,0,0,[],
1039,41.560,0,0,[],
1040,41.600,0,0,[],
1041,41.640,0,0,[],
1042,41.680,0,0,[],
1043,41.720,0,0,[],
1044,41.760,0,0,[],
1045,41.800,0,0,[],
1046,41.840,0,0,[],
1047,41.880,0,0,[],
1048,41.920,0,0,[],
1049,41.960,0,0,[],
1050,42.000,0,0,[],
1051,42.040,0,0,[],
1052,42.080,0,0,[],
1053,42.120,0,0,[],
1054,42.160,0,0,[],
1055,42.200,0,0,[],
1056,42.240,0,0,[],
1057,42.280,0,0,[],
1058,42.320,0,0,[],
1059,42.360,0,0,[],
1060,42.400,0,0,[],
1061,42.440,1,1,"[[511,720]]",0.6698
1062,42.480,1,1,"[[509,719]]",0.6911
1063,42.520,1,1,"[[512,707]]",0.6703
1064,42.560,1,1,"[[514,693]]",0.6925
1065,42.600,1,1,"[[522,675]]",0.6297
1066,42.640,1,1,"[[526,666]]",0.5551
1067,42.680,1,1,"[[530,642]]",0.6575
1068,42.720,1,2,"[[541,613],[573,612]]",0.7226
1069,42.760,1,1,"[[537,585]]",0.6375
1070,42.800,0,0,[],
1071,42.840,0,0,[],
1072,42.880,0,0,[],
1073,42.920,0,0,[],
1074,42.960,0,0,[],
1075,43.000,0,0,[],
1076,43.040,0,0,[],
1077,43.080,0,0,[],
1078,43.120,0,0,[],
1079,43.160,0,0,[],
1080,43.200,0,0,[],
1081,43.240,0,0,[],
1082,43.280,0,0,[],
1083,43.320,0,0,[],
1084,43.360,0,0,[],
1085,43.400,0,0,[],
1086,43.440,0,0,[],
1087,43.480,0,0,[],
1088,43.520,0,0,[],
1089,43.560,0,0,[],
1090,43.600,0,0,[],
1091,43.640,0,0,[],
1092,43.680,0,0,[],
1093,43.720,0,0,[],
1094,43.760,0,0,[],
1095,43.800,0,0,[],
1096,43.840,0,0,[],
1097,43.880,0,0,[],
1098,43.920,0,0,[],
1099,43.960,0,0,[],
1100,44.000,0,0,[],
1101,44.040,0,0,[],
1102,44.080,0,0,[],
1103,44.120,0,0,[],
1104,44.160,0,0,[],
1105,44.200,1,1,"[[673,166]]",0.5039
1106,44.240,1,1,"[[663,165]]",0.6470
1107,44.280,1,1,"[[648,177]]",0.7122
1108,44.320,1,1,"[[640,179]]",0.6970
1109,44.360,1,1,"[[636,179]]",0.6465
1110,44.400,1,1,"[[636,178]]",0.6620
1111,44.440,1,1,"[[631,197]]",0.5945
1112,44.480,1,1,"[[599,205]]",0.5280
1113,44.520,1,1,"[[595,207]]",0.6507
1114,44.560,1,1,"[[591,208]]",0.5733
1115,44.600,1,1,"[[574,213]]",0.7086
1116,44.640,1,1,"[[563,252]]",0.7391
1117,44.680,1,1,"[[560,267]]",0.7636
1118,44.720,1,1,"[[555,262]]",0.7377
1119,44.760,1,1,"[[552,295]]",0.7443
1120,44.800,1,1,"[[552,322]]",0.7041
1121,44.840,0,0,[],
1122,44.880,0,0,[],
1123,44.920,0,0,[],
1124,44.960,0,0,[],
1125,45.000,0,0,[],
1126,45.040,0,0,[],
1127,45.080,0,0,[],
1128,45.120,0,0,[],
1129,45.160,0,0,[],
1130,45.200,0,0,[],
1131,45.240,0,0,[],
1132,45.280,0,0,[],
1133,45.320,0,0,[],
1134,45.360,0,0,[],
1135,45.400,0,0,[],
1136,45.440,0,0,[],
1137,45.480,0,0,[],
1138,45.520,0,0,[],
1139,45.560,0,0,[],
1140,45.600,0,0,[],
1141,45.640,0,0,[],
1142,45.680,0,0,[],
1143,45.720,0,0,[],
1144,45.760,0,0,[],
1145,45.800,0,0,[],
1146,45.840,0,0,[],
1147,45.880,0,0,[],
1148,45.920,0,0,[],
1149,45.960,0,0,[],
1150,46.000,0,0,[],
1151,46.040,0,0,[],
1152,46.080,0,0,[],
1153,46.120,0,0,[],
1154,46.160,0,0,[],
1155,46.200,0,0,[],
1156,46.240,0,0,[],
1157,46.280,1,1,"[[506,719]]",0.6781
1158,46.320,1,1,"[[506,720]]",0.6780
1159,46.360,1,1,"[[508,716]]",0.6014
1160,46.400,1,1,"[[513,709]]",0.6402
1161,46.440,1,1,"[[519,695]]",0.6073
1162,46.480,1,1,"[[529,678]]",0.6405
1163,46.520,1,1,"[[532,667]]",0.6781
1164,46.560,1,1,"[[537,643]]",0.6031
1165,46.600,1,1,"[[537,615]]",0.5519
1166,46.640,0,0,[],
1167,46.680,0,0,[],
1168,46.720,0,0,[],
1169,46.760,0,0,[],
1170,46.800,0,0,[],
1171,46.840,0,0,[],
1172,46.880,0,0,[],
1173,46.920,0,0,[],
1174,46.960,0,0,[],
1175,47.000,0,0,[],
1176,47.040,0,0,[],
1177,47.080,0,0,[],
1178,47.120,0,0,[],
1179,47.160,0,0,[],
1180,47.200,0,0,[],
1181,47.240,0,0,[],
1182,47.280,0,0,[],
1183,47.320,0,0,[],
1184,47.360,0,0,[],
1185,47.400,0,0,[],
1186,47.440,0,0,[],
1187,47.480,0,0,[],
1188,47.520,0,0,[],
1189,47.560,0,0,[],
1190,47.600,0,0,[],
1191,47.640,0,0,[],
1192,47.680,0,0,[],
1193,47.720,0,0,[],
1194,47.760,0,0,[],
1195,47.800,0,0,[],
1196,47.840,1,1,"[[529,162]]",0.5590
1197,47.880,1,1,"[[531,162]]",0.5750
1198,47.920,1,1,"[[535,161]]",0.7494
1199,47.960,1,1,"[[543,161]]",0.8051
1200,48.000,1,1,"[[544,161]]",0.7874
1201,48.040,1,1,"[[543,200]]",0.7553
1202,48.080,1,1,"[[541,209]]",0.7402
1203,48.120,1,1,"[[538,213]]",0.7526
1204,48.160,1,1,"[[538,214]]",0.7308
1205,48.200,1,1,"[[537,252]]",0.7279
1206,48.240,1,1,"[[541,278]]",0.5086
1207,48.280,0,0,[],
1208,48.320,1,1,"[[547,284]]",0.5596
1209,48.360,0,0,[],
1210,48.400,0,0,[],
1211,48.440,0,0,[],
1212,48.480,0,0,[],
1213,48.520,0,0,[],
1214,48.560,0,0,[],
1215,48.600,0,0,[],
1216,48.640,0,0,[],
1217,48.680,0,0,[],
1218,48.720,0,0,[],
1219,48.760,0,0,[],
1220,48.800,0,0,[],
1221,48.840,0,0,[],
1222,48.880,0,0,[],
1223,48.920,0,0,[],
1224,48.960,0,0,[],
1225,49.000,0,0,[],
1226,49.040,0,0,[],
1227,49.080,0,0,[],
1228,49.120,0,0,[],
1229,49.160,0,0,[],
1230,49.200,0,0,[],
1231,49.240,0,0,[],
1232,49.280,0,0,[],
1233,49.320,0,0,[],
1234,49.360,0,0,[],
1235,49.400,0,0,[],
1236,49.440,0,0,[],
1237,49.480,0,0,[],
1238,49.520,0,0,[],
1239,49.560,0,0,[],
1240,49.600,0,0,[],
1241,49.640,0,0,[],
1242,49.680,0,0,[],
1243,49.720,0,0,[],
1244,49.760,0,0,[],
1245,49.800,0,0,[],
1246,49.840,0,0,[],
1247,49.880,0,0,[],
1248,49.920,0,0,[],
1249,49.960,0,0,[],
1250,50.000,0,0,[],
1251,50.040,0,0,[],
1252,50.080,0,0,[],
1253,50.120,0,0,[],
1254,50.160,0,0,[],
1255,50.200,0,0,[],
1256,50.240,0,0,[],
1257,50.280,0,0,[],
1258,50.320,0,0,[],
1259,50.360,0,0,[],
1260,50.400,0,0,[],
1261,50.440,0,0,[],
1262,50.480,0,0,[],
1263,50.520,0,0,[],
1264,50.560,0,0,[],
1265,50.600,0,0,[],
1266,50.640,0,0,[],
1267,50.680,0,0,[],
1268,50.720,0,0,[],
1269,50.760,0,0,[],
1270,50.800,0,0,[],
1271,50.840,0,0,[],
1272,50.880,0,0,[],
1273,50.920,0,0,[],
1274,50.960,0,0,[],
1275,51.000,0,0,[],
1276,51.040,0,0,[],
1277,51.080,0,0,[],
1278,51.120,0,0,[],
1279,51.160,0,0,[],
1280,51.200,0,0,[],
1281,51.240,0,0,[],
1282,51.280,0,0,[],
1283,51.320,0,0,[],
1284,51.360,0,0,[],
1285,51.400,0,0,[],
1286,51.440,0,0,[],
1287,51.480,0,0,[],
1288,51.520,0,0,[],
1289,51.560,0,0,[],
1290,51.600,0,0,[],
1291,51.640,0,0,[],
1292,51.680,0,0,[],
1293,51.720,0,0,[],
1294,51.760,0,0,[],
1295,51.800,0,0,[],
1296,51.840,0,0,[],
1297,51.880,0,0,[],
1298,51.920,0,0,[],
1299,51.960,0,0,[],
1300,52.000,0,0,[],
1301,52.040,0,0,[],
1302,52.080,0,0,[],
1303,52.120,0,0,[],
1304,52.160,0,0,[],
1305,52.200,0,0,[],
1306,52.240,0,0,[],
1307,52.280,0,0,[],
1308,52.320,0,0,[],
1309,52.360,0,0,[],
1310,52.400,0,0,[],
1311,52.440,0,0,[],
1312,52.480,0,0,[],
1313,52.520,0,0,[],
1314,52.560,0,0,[],
1315,52.600,0,0,[],
1316,52.640,0,0,[],
1317,52.680,0,0,[],
1318,52.720,0,0,[],
1319,52.760,0,0,[],
1320,52.800,0,0,[],
1321,52.840,0,0,[],
1322,52.880,0,0,[],
1323,52.920,0,0,[],
1324,52.960,0,0,[],
1325,53.000,0,0,[],
1326,53.040,0,0,[],
1327,53.080,0,0,[],
1328,53.120,0,0,[],
1329,53.160,0,0,[],
1330,53.200,0,0,[],
1331,53.240,0,0,[],
1332,53.280,0,0,[],
1333,53.320,0,0,[],
1334,53.360,0,0,[],
1335,53.400,0,0,[],
1336,53.440,0,0,[],
1337,53.480,0,0,[],
1338,53.520,0,0,[],
1339,53.560,0,0,[],
1340,53.600,0,0,[],
